{"chunk_definitions":[{"chunk_id":"c3mpmm8gubg49","chunk_label":"unnamed-chunk-2","document_id":"2DEDC57E","expansion_state":0,"options":{"engine":"r","label":"unnamed-chunk-2"},"row":40,"row_count":1,"visible":true},{"chunk_id":"crbf79paob6ge","chunk_label":"unnamed-chunk-3","document_id":"2DEDC57E","expansion_state":0,"options":{"engine":"r","label":"unnamed-chunk-1"},"row":56,"row_count":1,"visible":true},{"chunk_id":"cpivo2bej4tzo","chunk_label":"unnamed-chunk-4","document_id":"2DEDC57E","expansion_state":0,"options":{"engine":"r","label":"unnamed-chunk-3"},"row":72,"row_count":1,"visible":true}],"doc_write_time":1520037676}